Workbook

Sheet AHP - Bobot Kriteria
A1: PERHITUNGAN MANUAL AHP - PEMBOBOTAN KRITERIA
A2: Studi Kasus: Pemilihan Mentor Program Magang Internal
A4: 1. Matriks Perbandingan Berpasangan (Skala Saaty)
A5: Kriteria | B5: C1 | C5: C2 | D5: C3
A6: C1: English Proficiency Test (EPT) | B6: 1 | C6: 5 | D6: 9
A7: C2: Indeks Prestasi Kumulatif (IPK) | B7: 0.2 | C7: 1 | D7: 5
A8: C3: Jurusan | B8: 0.11111111 | C8: 0.2 | D8: 1
A9: Jumlah | B9: =SUM(B6:B8) -> 1.3111111 | C9: =SUM(C6:C8) -> 6.2 | D9: =SUM(D6:D8) -> 15
A11: 2. Matriks Normalisasi & Bobot Prioritas (Eigenvector)
A12: Kriteria | B12: C1 | C12: C2 | D12: C3 | E12: Bobot Prioritas (W) | F12: Persentase (%)
A13: C1: English Proficiency Test (EPT) | B13: =B6/B$9 -> 0.76271186 | C13: =C6/C$9 -> 0.80645161 | D13: =D6/D$9 -> 0.6 | E13: =AVERAGE(B13:D13) -> 0.72305449 | F13: =E13 -> 0.72305449
A14: C2: Indeks Prestasi Kumulatif (IPK) | B14: =B7/B$9 -> 0.15254237 | C14: =C7/C$9 -> 0.16129032 | D14: =D7/D$9 -> 0.33333333 | E14: =AVERAGE(B14:D14) -> 0.21572201 | F14: =E14 -> 0.21572201
A15: C3: Jurusan | B15: =B8/B$9 -> 0.084745763 | C15: =C8/C$9 -> 0.032258065 | D15: =D8/D$9 -> 0.066666667 | E15: =AVERAGE(B15:D15) -> 0.061223498 | F15: =E15 -> 0.061223498
A16: Total | B16: =SUM(B13:B15) -> 1 | C16: =SUM(C13:C15) -> 1 | D16: =SUM(D13:D15) -> 1 | E16: =SUM(E13:E15) -> 1 | F16: =SUM(F13:F15) -> 1
A18: 3. Uji Konsistensi AHP
A20: Kriteria | B20: A x W (Hasil Kali) | C20: lambda = (A x W) / W
A21: C1: English Proficiency Test (EPT) | B21: =B6*$E$13+C6*$E$14+D6*$E$15 -> 2.352676 | C21: 0.985
A22: C2: Indeks Prestasi Kumulatif (IPK) | B22: =B7*$E$13+C7*$E$14+D7*$E$15 -> 0.6664504 | C22: 1.075
A23: C3: Jurusan | B23: =B8*$E$13+C8*$E$14+D8*$E$15 -> 0.18470729 | C23: 0.962
A25: Lambda Max | B25: =SUM(C21:C23) -> 3.022
A26: n (Jumlah Kriteria) | B26: 3
A27: CI (Consistency Index) | B27: =(B25-B26)/(B26-1) -> 0.011
A28: RI (Random Index, n=3) | B28: =CHOOSE(B26, 0, 0, 0.58, 0.9, 1.12, 1.24, 1.32, 1.41, 1.45, 1.49) -> 0.58
A29: CR (Consistency Ratio) | B29: =B27/B28 -> 0.018965517
A30: Status Konsistensi | B30: =IF(B29<0.1, "KONSISTEN (OK)", "TIDAK KONSISTEN") -> KONSISTEN (OK)

Sheet SAW - Ranking
A1: PERHITUNGAN MANUAL SAW - PERANKINGAN ALTERNATIF
A2: Studi Kasus: Pemilihan Mentor Program Magang Internal
A4: 1. Matriks Keputusan (X)
A5: Alternatif | B5: C1 (EPT) | C5: C2 (IPK) | D5: C3 (Jurusan)
A6: Dewi Andrayani | B6: 4 | C6: 3 | D6: 3
A7: Haykal Azizi | B7: 4 | C7: 3 | D7: 5
A8: Helmi Aziz | B8: 5 | C8: 5 | D8: 3
A9: Sheva Al Nascutha | B9: 3 | C9: 3 | D9: 3
A10: Mahasiswa 5 | B10: 1 | C10: 3 | D10: 2
A11: Mahasiswa 6 | B11: 2 | C11: 2 | D11: 1
A12: Mahasiswa 7 | B12: 1 | C12: 4 | D12: 2
A13: Mahasiswa 8 | B13: 2 | C13: 3 | D13: 4
A14: Max / Min | B14: =MAX(B6:B13) -> 5 | C14: =MAX(C6:C13) -> 5 | D14: =MIN(D6:D13) -> 1
A15: Atribut Kriteria | B15: Benefit | C15: Benefit | D15: Cost
A17: 2. Matriks Normalisasi (R)
A18: Alternatif | B18: C1 (EPT) | C18: C2 (IPK) | D18: C3 (Jurusan)
A19: Dewi Andrayani | B19: =B6/B$14 -> 0.8 | C19: =C6/C$14 -> 0.6 | D19: =$D$14/D6 -> 0.33333333
A20: Haykal Azizi | B20: =B7/B$14 -> 0.8 | C20: =C7/C$14 -> 0.6 | D20: =$D$14/D7 -> 0.2
A21: Helmi Aziz | B21: =B8/B$14 -> 1 | C21: =C8/C$14 -> 1 | D21: =$D$14/D8 -> 0.33333333
A22: Sheva Al Nascutha | B22: =B9/B$14 -> 0.6 | C22: =C9/C$14 -> 0.6 | D22: =$D$14/D9 -> 0.33333333
A23: Mahasiswa 5 | B23: =B10/B$14 -> 0.2 | C23: =C10/C$14 -> 0.6 | D23: =$D$14/D10 -> 0.5
A24: Mahasiswa 6 | B24: =B11/B$14 -> 0.4 | C24: =C11/C$14 -> 0.4 | D24: =$D$14/D11 -> 1
A25: Mahasiswa 7 | B25: =B12/B$14 -> 0.2 | C25: =C12/C$14 -> 0.8 | D25: =$D$14/D12 -> 0.5
A26: Mahasiswa 8 | B26: =B13/B$14 -> 0.4 | C26: =C13/C$14 -> 0.6 | D26: =$D$14/D13 -> 0.25
A29: 3. Nilai Preferensi (V) & Ranking Akhir
A30: Alternatif | B30: Nilai Preferensi (V) | C30: Ranking
A31: Dewi Andrayani | B31: =B19*'AHP - Bobot Kriteria'!$E$13+C19*'AHP - Bobot Kriteria'!$E$14+D19*'AHP - Bobot Kriteria'!$E$15 -> 0.72828463 | C31: =RANK(B31, $B$31:$B$38) -> 2
A32: Haykal Azizi | B32: =B20*'AHP - Bobot Kriteria'!$E$13+C20*'AHP - Bobot Kriteria'!$E$14+D20*'AHP - Bobot Kriteria'!$E$15 -> 0.7201215 | C32: =RANK(B32, $B$31:$B$38) -> 3
A33: Helmi Aziz | B33: =B21*'AHP - Bobot Kriteria'!$E$13+C21*'AHP - Bobot Kriteria'!$E$14+D21*'AHP - Bobot Kriteria'!$E$15 -> 0.95918433 | C33: =RANK(B33, $B$31:$B$38) -> 1
A34: Sheva Al Nascutha | B34: =B22*'AHP - Bobot Kriteria'!$E$13+C22*'AHP - Bobot Kriteria'!$E$14+D22*'AHP - Bobot Kriteria'!$E$15 -> 0.58367373 | C34: =RANK(B34, $B$31:$B$38) -> 4
A35: Mahasiswa 5 | B35: =B23*'AHP - Bobot Kriteria'!$E$13+C23*'AHP - Bobot Kriteria'!$E$14+D23*'AHP - Bobot Kriteria'!$E$15 -> 0.30465585 | C35: =RANK(B35, $B$31:$B$38) -> 8
A36: Mahasiswa 6 | B36: =B24*'AHP - Bobot Kriteria'!$E$13+C24*'AHP - Bobot Kriteria'!$E$14+D24*'AHP - Bobot Kriteria'!$E$15 -> 0.4367341 | C36: =RANK(B36, $B$31:$B$38) -> 5
A37: Mahasiswa 7 | B37: =B25*'AHP - Bobot Kriteria'!$E$13+C25*'AHP - Bobot Kriteria'!$E$14+D25*'AHP - Bobot Kriteria'!$E$15 -> 0.34780026 | C37: =RANK(B37, $B$31:$B$38) -> 7
A38: Mahasiswa 8 | B38: =B26*'AHP - Bobot Kriteria'!$E$13+C26*'AHP - Bobot Kriteria'!$E$14+D26*'AHP - Bobot Kriteria'!$E$15 -> 0.43396088 | C38: =RANK(B38, $B$31:$B$38) -> 6
